Model,Mean Accuracy,Std Accuracy,Mean Precision,Std Precision,Mean Recall,Std Recall,Mean F1-Score,Std F1-Score
Logistic Regression,0.8663756819953236,0.0030806844775147185,0.8737166136252389,0.0060631568652009015,0.854804666920834,0.006056180210683087,0.8641255083628767,0.0030587345782275813
SVM (Linear),0.8735775526110678,0.005029061899031448,0.8771429195957466,0.00793126829363408,0.8672233166629486,0.006113411041908124,0.872125086678977,0.004861747172081952
Naive Bayes,0.8549649259547933,0.0032077408865202077,0.8770991383491156,0.004442294751790911,0.8236959860058475,0.008515676364715551,0.8495196228535304,0.00394294356955668
Random Forest,0.7727513639906469,0.0030233584841529294,0.8698191800289639,0.009090626678594069,0.6386110229132216,0.011856204325920439,0.7363569435337352,0.00564917536799265
