Model,Feature,Accuracy,Precision,Recall,F1-Score
Logistic Regression,TF-IDF,0.8752961715924679,0.8826242952332137,0.8640240842950326,0.8732251521298174
SVM (Linear),TF-IDF,0.8796608055867315,0.8854299566215872,0.870546914199699,0.8779253636938646
Naive Bayes,TF-IDF,0.8518518518518519,0.8734650293646556,0.8208730556949323,0.8463528194516295
Random Forest,TF-IDF,0.7771542586357402,0.8705763397371082,0.6480180632212744,0.7429886379979865
