,correlation,p_value,significant
text_length,-0.028433767520217035,3.5211584040717213e-07, Ya
exclamation_count,-0.06072137417728684,1.3662943121726014e-27, Ya
uppercase_ratio,-0.026307170983566473,2.451611020826531e-06, Ya
sentiment_score,0.07190143961360736,4.905124913426012e-38, Ya
lexical_diversity,-0.25286913851077464,0.0, Ya
